﻿time_iso,time_unix,id,lat,lon,alt,bat,spd,hdg,fix,topic,raw_json
2025-09-28T02:31:39.225+09:00,1758994299.2259705,라이더3,,,,,,,,drone/lab/라이더3/status/delay,"{""id"": ""\ub77c\uc774\ub3543"", ""delay_sec"": 6.3, ""timestamp"": ""2025-09-28T02:31:39.222848""}"
2025-09-28T02:31:39.248+09:00,1758994299.2486718,라이더3,,,,,,,,drone/lab/라이더3/status/delay,"{""id"": ""\ub77c\uc774\ub3543"", ""delay_sec"": 6.3, ""timestamp"": ""2025-09-28T02:31:39.222848""}"
2025-09-28T02:31:49.397+09:00,1758994309.3972,라이더3,,,,,,,,drone/lab/라이더3/status/delay,"{""id"": ""\ub77c\uc774\ub3543"", ""delay_sec"": 13.0, ""timestamp"": ""2025-09-28T02:31:49.382884""}"
2025-09-28T02:31:49.412+09:00,1758994309.4128926,라이더3,,,,,,,,drone/lab/라이더3/status/delay,"{""id"": ""\ub77c\uc774\ub3543"", ""delay_sec"": 13.0, ""timestamp"": ""2025-09-28T02:31:49.382884""}"
