﻿time_iso,time_unix,id,lat,lon,alt,bat,spd,hdg,fix,topic,raw_json
2025-09-27T20:34:25.175+09:00,1758972865.175636,라이더3,,,,,,,,drone/lab/라이더3/status/delay,"{""id"": ""\ub77c\uc774\ub3543"", ""delay_sec"": 7.8, ""timestamp"": ""2025-09-27T20:34:25.175636""}"
2025-09-27T20:34:35.222+09:00,1758972875.2227004,라이더3,,,,,,,,drone/lab/라이더3/status/delay,"{""id"": ""\ub77c\uc774\ub3543"", ""delay_sec"": 11.8, ""timestamp"": ""2025-09-27T20:34:35.222700""}"
2025-09-27T20:34:45.286+09:00,1758972885.2860723,라이더3,,,,,,,,drone/lab/라이더3/status/delay,"{""id"": ""\ub77c\uc774\ub3543"", ""delay_sec"": 8.9, ""timestamp"": ""2025-09-27T20:34:45.282824""}"
2025-09-27T20:34:55.352+09:00,1758972895.352193,라이더3,,,,,,,,drone/lab/라이더3/status/delay,"{""id"": ""\ub77c\uc774\ub3543"", ""delay_sec"": 15.0, ""timestamp"": ""2025-09-27T20:34:55.350105""}"
2025-09-27T20:35:08.894+09:00,1758972908.8941348,라이더3,,,,,,,,drone/lab/라이더3/status/delay,"{""id"": ""\ub77c\uc774\ub3543"", ""delay_sec"": 13.2, ""timestamp"": ""2025-09-27T20:35:07.120671""}"
