﻿time_iso,time_unix,id,lat,lon,alt,bat,spd,hdg,fix,topic,raw_json
2025-09-27T00:21:56.196+09:00,1758900116.1961112,라이더3,,,,,,,,drone/lab/라이더3/status/delay,"{""id"": ""\ub77c\uc774\ub3543"", ""delay_sec"": 11.0, ""timestamp"": ""2025-09-27T00:21:56.181399""}"
2025-09-27T00:22:06.305+09:00,1758900126.3054,라이더3,,,,,,,,drone/lab/라이더3/status/delay,"{""id"": ""\ub77c\uc774\ub3543"", ""delay_sec"": 5.6, ""timestamp"": ""2025-09-27T00:22:06.298306""}"
2025-09-27T00:22:16.360+09:00,1758900136.3609154,라이더3,,,,,,,,drone/lab/라이더3/status/delay,"{""id"": ""\ub77c\uc774\ub3543"", ""delay_sec"": 9.1, ""timestamp"": ""2025-09-27T00:22:16.357887""}"
2025-09-27T00:22:26.420+09:00,1758900146.420095,라이더3,,,,,,,,drone/lab/라이더3/status/delay,"{""id"": ""\ub77c\uc774\ub3543"", ""delay_sec"": 14.1, ""timestamp"": ""2025-09-27T00:22:26.416731""}"
2025-09-27T00:22:36.467+09:00,1758900156.467655,라이더3,,,,,,,,drone/lab/라이더3/status/delay,"{""id"": ""\ub77c\uc774\ub3543"", ""delay_sec"": 9.2, ""timestamp"": ""2025-09-27T00:22:36.467655""}"
2025-09-27T00:22:46.568+09:00,1758900166.5681698,라이더3,,,,,,,,drone/lab/라이더3/status/delay,"{""id"": ""\ub77c\uc774\ub3543"", ""delay_sec"": 14.8, ""timestamp"": ""2025-09-27T00:22:46.555549""}"
